{
  "individual_contributions": {
    "symmetry_pct": -1.8000904568068576,
    "entropy_pct": -1.2030755314337394,
    "jerk_pct": -2.098597919493439,
    "sum_individual_pct": -5.1017639077340355
  },
  "full_model": {
    "total_contribution_pct": -0.9000452284034233,
    "accuracy_pct": 86.4676616915423
  },
  "overall_synergy": {
    "synergy_effect_pct": 4.201718679330613,
    "interpretation": "POSITIVE"
  },
  "pairwise_synergy": {
    "Entropy + Jerk": {
      "synergy": 2.098597919493439,
      "contribution1": -1.2030755314337394,
      "contribution2": -2.098597919493439,
      "combined": -1.2030755314337394
    },
    "Symmetry + Jerk": {
      "synergy": 2.700135685210303,
      "contribution1": -1.8000904568068576,
      "contribution2": -2.098597919493439,
      "combined": -1.1985526910899935
    },
    "Symmetry + Entropy": {
      "synergy": 2.1031207598371737,
      "contribution1": -1.8000904568068576,
      "contribution2": -1.2030755314337394,
      "combined": -0.9000452284034233
    }
  },
  "all_configurations": {
    "Baseline Only (136)": {
      "fold_accuracies": [
        0.8656716417910447,
        0.8656716417910447,
        0.9552238805970149,
        0.8333333333333334,
        0.8484848484848485
      ],
      "mean_accuracy": 0.8736770691994572,
      "std_accuracy": 0.04252133862723679
    },
    "Baseline + Symmetry (137)": {
      "fold_accuracies": [
        0.835820895522388,
        0.835820895522388,
        0.9552238805970149,
        0.8181818181818182,
        0.8333333333333334
      ],
      "mean_accuracy": 0.8556761646313886,
      "std_accuracy": 0.050206054023092556
    },
    "Baseline + Entropy (140)": {
      "fold_accuracies": [
        0.8805970149253731,
        0.835820895522388,
        0.9402985074626866,
        0.8181818181818182,
        0.8333333333333334
      ],
      "mean_accuracy": 0.8616463138851198,
      "std_accuracy": 0.04450401355509047
    },
    "Baseline + Jerk (141)": {
      "fold_accuracies": [
        0.8208955223880597,
        0.8208955223880597,
        0.9701492537313433,
        0.8181818181818182,
        0.8333333333333334
      ],
      "mean_accuracy": 0.8526910900045228,
      "std_accuracy": 0.05896430963092337
    },
    "Baseline + Entropy + Jerk (141)": {
      "fold_accuracies": [
        0.8805970149253731,
        0.8208955223880597,
        0.9552238805970149,
        0.8333333333333334,
        0.8181818181818182
      ],
      "mean_accuracy": 0.8616463138851198,
      "std_accuracy": 0.05189856322431529
    },
    "Baseline + Symmetry + Jerk (142)": {
      "fold_accuracies": [
        0.8507462686567164,
        0.835820895522388,
        0.9552238805970149,
        0.8181818181818182,
        0.8484848484848485
      ],
      "mean_accuracy": 0.8616915422885573,
      "std_accuracy": 0.048176551436342994
    },
    "Baseline + Symmetry + Entropy (141)": {
      "fold_accuracies": [
        0.8805970149253731,
        0.835820895522388,
        0.9402985074626866,
        0.8333333333333334,
        0.8333333333333334
      ],
      "mean_accuracy": 0.864676616915423,
      "std_accuracy": 0.04187979205121385
    },
    "Full Model (146)": {
      "fold_accuracies": [
        0.8805970149253731,
        0.8208955223880597,
        0.9552238805970149,
        0.8333333333333334,
        0.8333333333333334
      ],
      "mean_accuracy": 0.864676616915423,
      "std_accuracy": 0.049666594653645126
    }
  },
  "baseline_accuracy": 87.36770691994572
}