{
  "novelty": "Novelty 1 - Bilateral Symmetry",
  "features": 137,
  "baseline_features": 136,
  "new_features": 1,
  "baseline_accuracy": 90.08,
  "folds": {
    "fold_1": {
      "accuracy": 0.9104477611940298,
      "precision": 0.9230769230769231,
      "recall": 0.8571428571428571,
      "f1": 0.8888888888888888
    },
    "fold_2": {
      "accuracy": 0.8721804511278195,
      "precision": 0.8823529411764706,
      "recall": 0.8035714285714286,
      "f1": 0.8411214953271028
    },
    "fold_3": {
      "accuracy": 0.9097744360902256,
      "precision": 0.94,
      "recall": 0.8392857142857143,
      "f1": 0.8867924528301887
    },
    "fold_4": {
      "accuracy": 0.9172932330827067,
      "precision": 0.9591836734693877,
      "recall": 0.8392857142857143,
      "f1": 0.8952380952380953
    },
    "fold_5": {
      "accuracy": 0.8721804511278195,
      "precision": 0.8823529411764706,
      "recall": 0.8035714285714286,
      "f1": 0.8411214953271028
    }
  },
  "summary": {
    "mean_accuracy": 0.8963752665245203,
    "std_accuracy": 0.01992943732454161,
    "fold_accuracies": [
      0.9104477611940298,
      0.8721804511278195,
      0.9097744360902256,
      0.9172932330827067,
      0.8721804511278195
    ],
    "improvement_vs_baseline": -0.44247334754797807
  }
}